{"cameraMode":{"drawMode":0,"name":"Shaded","section":"Shading Mode"},"sceneLighting":true,"audioPlay":false,"sceneViewState":{"m_AlwaysRefresh":false,"showFog":true,"showSkybox":true,"showFlares":true,"showImageEffects":true,"showParticleSystems":true,"showVisualEffectGraphs":true,"m_FxEnabled":true},"in2DMode":false,"pivot":{"x":0.3055109977722168,"y":0.5529175996780396,"z":-2.3363237380981447},"rotation":{"x":0.10988222807645798,"y":0.010730180889368058,"z":-0.0011811876902356744,"w":0.9938915967941284},"size":3.9751462936401369,"orthographic":true}